{"cameraMode":{"drawMode":0,"name":"Shaded","section":"Shading Mode"},"sceneLighting":false,"audioPlay":false,"sceneViewState":{"showFog":false,"showMaterialUpdate":false,"showSkybox":false,"showFlares":false,"showImageEffects":false,"showParticleSystems":false},"in2DMode":false,"pivot":{"x":724.9436645507813,"y":458.5040283203125,"z":584.0313720703125},"rotation":{"x":-0.14843036234378816,"y":0.6434009671211243,"z":-0.1290869563817978,"w":-0.7398356795310974},"size":215.84506225585938,"orthographic":false}