{"cameraMode":{"drawMode":0,"name":"Shaded","section":"Shading Mode"},"sceneLighting":true,"audioPlay":false,"sceneViewState":{"showFog":false,"showMaterialUpdate":false,"showSkybox":false,"showFlares":false,"showImageEffects":false,"showParticleSystems":false},"in2DMode":false,"pivot":{"x":-36.98248291015625,"y":64.37303161621094,"z":-27.6171875},"rotation":{"x":0.06482606381177902,"y":-0.825912356376648,"z":0.09708742797374726,"w":0.5516800284385681},"size":367.0634460449219,"orthographic":false}